{"cameraMode":{"drawMode":0,"name":"Shaded","section":"Shading Mode"},"sceneLighting":true,"audioPlay":false,"sceneViewState":{"showFog":true,"showMaterialUpdate":false,"showSkybox":true,"showFlares":true,"showImageEffects":true,"showParticleSystems":true},"in2DMode":false,"pivot":{"x":-0.9990878105163574,"y":15.513195037841797,"z":-17.73335838317871},"rotation":{"x":0.08974287658929825,"y":0.7165193557739258,"z":0.6853810548782349,"w":-0.09382098913192749},"size":12.504899024963379,"orthographic":false}